"A photo of a man",
"A rendering of a man",
"A cropped photo of a man",
"A portrait of a man",
"A close-up shot of a man",
"A full-body image of a man",
"An artistic sketch of a man",
"A black-and-white photograph of a man",
"A candid shot of a man",
"A digital illustration of a man",
"A stylized caricature of a man",
"A profile view of a man",
"A group shot featuring a man",
"A dynamic action pose of a man",
"A studio portrait of a man",
"An abstract representation of a man",
"A casual snapshot of a man outdoors",
"A futuristic hologram of a man",
"A detailed 3D model of a man",
"A silhouette of a man",
"A painting of a man",
"A cartoon of a man",
"A line drawing of a man",
"A watercolor of a man",
"A pencil sketch of a man",
"A digital avatar of a man",
"A realistic rendering of a man",
"A minimalist depiction of a man",
"A shadow of a man",
"A reflection of a man",
"A statue of a man",
"A sculpture of a man",
"A figurine of a man",
"A mannequin of a man",
"A holographic projection of a man",
"A paper cutout of a man",
"A clay model of a man",
"A wooden carving of a man",
"A bronze statue of a man",
"A marble bust of a man",
"A wax figure of a man",
"A stick figure of a man",
"A puppet of a man",
"A doll resembling a man",
"A toy figure of a man",
"A miniature of a man",
"A life-size replica of a man",
"A mosaic of a man",
"A collage featuring a man",
"A stained glass image of a man",
"A tapestry depicting a man",
"A poster of a man",
"A billboard showing a man",
"A magazine cover with a man",
"A newspaper photo of a man",
"A book illustration of a man",
"A comic book character of a man",
"A graffiti art of a man",
"A mural of a man",
"A tattoo design of a man",
"A logo featuring a man",
"An icon representing a man",
"A symbol of a man",
"A pictogram of a man",
"A hieroglyph of a man",
"A cave painting of a man",
"A petroglyph of a man",
"A fossil imprint of a man",
"A footprint of a man",
"A shadow puppet of a man",
"A constellation resembling a man",
"A cloud formation like a man",
"A rock formation shaped like a man",
"A tree that looks like a man",
"A mountain silhouette resembling a man",
"A crop circle in the shape of a man",
"A sand sculpture of a man",
"A snow sculpture of a man",
"An ice carving of a man",
"A topiary shaped like a man",
"A hedge maze in the form of a man",
"A corn maze designed as a man",
"A garden arrangement depicting a man",
"A floral arrangement resembling a man",
"A food art presentation of a man",
"A cake decorated as a man",
"A cookie cutter shape of a man",
"A pancake art of a man",
"A toast burn image of a man",
"A coffee foam art of a man",
"A latte art depicting a man",
"A chocolate mold of a man",
"A candy shaped like a man",
"A balloon animal of a man",
"A bubble formation resembling a man",
"A smoke ring shaped like a man",
"A fire pattern looking like a man",
"A water splash forming a man",
"A light projection of a man",
"A laser show depicting a man",
"A firework display resembling a man",
"A drone light show of a man",
"A star pattern forming a man",
"A constellation map highlighting a man",
"A radar image of a man",
"A sonar reading of a man",
"A thermal image of a man",
"An x-ray of a man",
"An MRI scan of a man",
"A CT scan of a man",
"An ultrasound image of a man",
"A microscopic view of a man's cells",
"A DNA visualization of a man",
"A fingerprint of a man",
"A retinal scan of a man",
"A voice pattern of a man",
"A brainwave pattern of a man",
"A heartbeat graph of a man",
"A motion capture of a man",
"A 3D scan of a man",
"A point cloud representation of a man",
"A wireframe model of a man",
"A voxel representation of a man",
"A pixel art of a man",
"An 8-bit graphic of a man",
"A vector illustration of a man",
"A bitmap image of a man",
"A GIF animation of a man",
"A stop-motion sequence of a man",
"A time-lapse of a man",
"A slow-motion capture of a man",
"A virtual reality avatar of a man",
"An augmented reality projection of a man",
"A mixed reality representation of a man",
"A computer simulation of a man",
"A procedurally generated image of a man",
"A fractal pattern resembling a man",
"A noise pattern looking like a man",
"A glitch art representation of a man",
"A data visualization of a man",
"A barcode representing a man",
"A QR code linking to an image of a man",
"A binary code translation of a man",
"A morse code description of a man",
"A braille representation of a man",
"A sign language depiction of a man",
"A semaphore signal for a man",
"A flag signal representing a man",
"A smoke signal pattern for a man",
"A drum beat pattern describing a man",
"A musical notation depicting a man",
"A sound wave of a man speaking",
"A spectrogram of a man's voice",
"A phonetic transcription of a man",
"A linguistic description of a man",
"A mathematical formula describing a man",
"A geometric representation of a man",
"A topological map of a man",
"A constellation chart featuring a man",
"A star map highlighting a man",
"A celestial navigation chart of a man",
"A nautical map marking a man",
"A flight path diagram around a man",
"A migration pattern chart of a man",
"A weather map showing a man",
"A heat signature of a man",
"A pressure distribution around a man",
"A fluid dynamics simulation of a man",
"A wind tunnel visualization of a man",
"A stress analysis of a man",
"A structural diagram of a man",
"An architectural blueprint of a man",
"An engineering schematic of a man",
"A technical drawing of a man",
"A patent illustration of a man",
"A scientific diagram of a man",
"An anatomical chart of a man",
"A medical illustration of a man",
"A physiological diagram of a man",
"A neurological map of a man",
"A psychological profile visualization of a man",
"A sociological network diagram featuring a man",
"An anthropological study visualization of a man",
"An archaeological site map marking a man",
"A paleontological reconstruction of a man",
"A geological cross-section showing a man",